Status,Date,Time

Success,15/11/2024, 7:00:00 pm
Success,15/11/2024, 7:01:00 pm
Success,15/11/2024, 7:02:00 pm
Success,15/11/2024, 7:03:00 pm
Success,15/11/2024, 7:04:00 pm
Success,15/11/2024, 7:05:00 pm
Success,15/11/2024, 7:06:00 pm
Success,15/11/2024, 7:07:00 pm
Success,15/11/2024, 7:08:00 pm
Success,15/11/2024, 7:09:00 pm
Success,15/11/2024, 7:10:00 pm
Success,15/11/2024, 7:11:00 pm
Success,15/11/2024, 7:12:00 pm
Success,15/11/2024, 7:13:00 pm
Success,15/11/2024, 7:14:00 pm
Success,15/11/2024, 7:15:00 pm
Success,15/11/2024, 7:16:00 pm
Success,15/11/2024, 7:17:00 pm
Success,15/11/2024, 7:18:00 pm
Success,15/11/2024, 7:20:00 pm
Success,15/11/2024, 7:21:00 pm
Success,15/11/2024, 7:22:00 pm
Success,15/11/2024, 7:23:00 pm
Success,15/11/2024, 7:24:00 pm
Success,15/11/2024, 7:25:00 pm
Success,15/11/2024, 7:26:00 pm
Success,15/11/2024, 7:27:00 pm
Success,15/11/2024, 7:28:00 pm
Success,15/11/2024, 7:29:00 pm
Success,15/11/2024, 7:30:00 pm
Success,15/11/2024, 7:31:00 pm
Success,15/11/2024, 7:32:00 pm
Success,15/11/2024, 7:33:00 pm
Success,15/11/2024, 7:34:00 pm
Success,15/11/2024, 7:35:00 pm
Success,15/11/2024, 7:36:00 pm
Success,15/11/2024, 7:37:00 pm
Success,15/11/2024, 7:38:00 pm
Success,15/11/2024, 7:39:00 pm
Success,15/11/2024, 7:40:00 pm
Success,15/11/2024, 7:41:00 pm
Success,15/11/2024, 7:42:00 pm
Success,15/11/2024, 7:43:00 pm
Success,15/11/2024, 7:44:00 pm
Success,15/11/2024, 7:45:00 pm
Success,15/11/2024, 7:46:00 pm
Success,15/11/2024, 7:47:00 pm
Success,15/11/2024, 7:48:00 pm
Success,15/11/2024, 7:49:00 pm
Success,15/11/2024, 7:50:00 pm
Success,15/11/2024, 7:51:00 pm
Success,15/11/2024, 7:52:00 pm
Success,15/11/2024, 7:53:00 pm
Success,15/11/2024, 7:54:00 pm
Success,15/11/2024, 7:55:00 pm
Success,15/11/2024, 7:56:00 pm
Success,15/11/2024, 7:57:00 pm
Success,15/11/2024, 7:58:00 pm
Success,15/11/2024, 7:59:00 pm
Success,15/11/2024, 8:00:00 pm
Success,15/11/2024, 8:01:00 pm
Success,15/11/2024, 8:02:00 pm
Success,15/11/2024, 8:03:00 pm
Success,15/11/2024, 8:04:00 pm
Success,15/11/2024, 8:05:00 pm
Success,15/11/2024, 8:06:00 pm
Success,15/11/2024, 8:07:00 pm
Success,15/11/2024, 8:08:00 pm
Success,15/11/2024, 8:09:00 pm
Success,15/11/2024, 8:10:00 pm
Success,15/11/2024, 8:11:00 pm
Success,15/11/2024, 8:12:00 pm
Success,15/11/2024, 8:13:00 pm
Success,15/11/2024, 8:14:00 pm
Success,15/11/2024, 8:15:00 pm
Success,15/11/2024, 8:16:00 pm
Success,15/11/2024, 8:17:00 pm
Success,15/11/2024, 8:18:00 pm
Success,15/11/2024, 8:19:00 pm
Success,15/11/2024, 8:20:00 pm
Success,15/11/2024, 8:21:00 pm
Success,15/11/2024, 8:22:00 pm
Success,15/11/2024, 8:23:00 pm
Success,15/11/2024, 8:24:00 pm
Success,15/11/2024, 8:25:00 pm
Success,15/11/2024, 8:26:00 pm
Success,15/11/2024, 8:27:00 pm
Success,15/11/2024, 8:28:00 pm
Success,15/11/2024, 8:29:00 pm
Success,15/11/2024, 8:30:00 pm
Success,15/11/2024, 8:31:00 pm
Success,15/11/2024, 8:32:00 pm
Success,15/11/2024, 8:33:00 pm
Success,15/11/2024, 8:34:00 pm
Success,15/11/2024, 8:35:00 pm
Success,15/11/2024, 8:36:00 pm
Success,15/11/2024, 8:37:00 pm
Success,15/11/2024, 8:38:00 pm
Success,15/11/2024, 8:39:00 pm
Success,15/11/2024, 8:40:00 pm
Success,15/11/2024, 8:41:00 pm
Success,15/11/2024, 8:42:00 pm
Success,15/11/2024, 8:43:00 pm
Success,15/11/2024, 8:44:00 pm
Success,15/11/2024, 8:45:00 pm
Success,15/11/2024, 8:46:00 pm
Success,15/11/2024, 8:47:00 pm
Success,15/11/2024, 8:48:00 pm
Success,15/11/2024, 8:49:00 pm
Success,15/11/2024, 8:50:00 pm
Success,15/11/2024, 8:51:00 pm
Success,15/11/2024, 8:52:00 pm
Success,15/11/2024, 8:53:00 pm
Success,15/11/2024, 8:54:00 pm
Success,15/11/2024, 8:55:00 pm
Success,15/11/2024, 8:56:00 pm
Success,15/11/2024, 8:57:00 pm
Success,15/11/2024, 8:58:00 pm
Success,15/11/2024, 8:59:00 pm
Success,15/11/2024, 9:00:00 pm
Success,15/11/2024, 9:01:00 pm
Success,15/11/2024, 9:02:00 pm
Success,15/11/2024, 9:03:00 pm
Success,15/11/2024, 9:04:00 pm
Success,15/11/2024, 9:05:00 pm
Success,15/11/2024, 9:06:00 pm
Success,15/11/2024, 9:07:00 pm
Success,15/11/2024, 9:08:00 pm
Success,15/11/2024, 9:09:00 pm
Success,15/11/2024, 9:10:00 pm
Success,15/11/2024, 9:11:00 pm
Success,15/11/2024, 9:12:00 pm
Success,15/11/2024, 9:13:00 pm
Success,15/11/2024, 9:14:00 pm
Success,15/11/2024, 9:15:00 pm
Success,15/11/2024, 9:16:00 pm
Success,15/11/2024, 9:17:00 pm
Success,15/11/2024, 9:18:00 pm
Success,15/11/2024, 9:19:00 pm
Success,15/11/2024, 9:20:00 pm
Success,15/11/2024, 9:21:00 pm
Success,15/11/2024, 9:22:00 pm
Success,15/11/2024, 9:23:00 pm
Success,15/11/2024, 9:24:00 pm
Success,15/11/2024, 9:25:00 pm
Success,15/11/2024, 9:26:00 pm
Success,15/11/2024, 9:27:00 pm
Success,15/11/2024, 9:28:00 pm
Success,15/11/2024, 9:29:00 pm
Success,15/11/2024, 9:30:00 pm
Success,15/11/2024, 9:31:00 pm
Success,15/11/2024, 9:32:00 pm
Success,15/11/2024, 9:33:00 pm
Success,15/11/2024, 9:34:00 pm
Success,15/11/2024, 9:35:00 pm
Success,15/11/2024, 9:36:00 pm
Success,15/11/2024, 9:37:00 pm
Success,15/11/2024, 9:38:00 pm
Success,15/11/2024, 9:39:00 pm
Success,15/11/2024, 9:40:00 pm
Success,15/11/2024, 9:41:00 pm
Success,15/11/2024, 9:42:00 pm
Success,15/11/2024, 9:43:00 pm
Success,15/11/2024, 9:44:00 pm
Success,15/11/2024, 9:45:00 pm
Success,15/11/2024, 9:46:00 pm
Success,15/11/2024, 9:47:00 pm
Success,15/11/2024, 9:48:00 pm
Success,15/11/2024, 9:49:00 pm
Success,15/11/2024, 9:50:00 pm
Success,15/11/2024, 9:51:00 pm
Success,15/11/2024, 9:52:00 pm
Success,15/11/2024, 9:53:00 pm
Success,15/11/2024, 9:54:00 pm
Success,15/11/2024, 9:55:00 pm